ai_output_img_14_1.jpg.csv,0,1450.39,,,,-1450.39,-1450.39,-1450.39,-1450.39,,,,,,,,,,,,,,,,,,,ai_output_img_14_1.jpg.csv
ai_output_img_14_1.jpg.csv,1,1472.37,,1537.981269,1545.87282,-1472.37,65.61126925,73.50281983,73.50281983,1537.981269,,,,,,,,,,,,,,,,,,
ai_output_img_14_1.jpg.csv,2,1648.17,,,,-1648.17,-1648.17,-1648.17,,,,,,,,,,,,,,,,,,,,
ai_output_img_14_1.jpg.csv,3,1406.44,,,,-1406.44,-1406.44,-1406.44,,,,,,,,,,,,,,,,,,,,
ai_output_img_14_1.jpg.csv,4,1032.86,,,,-1032.86,-1032.86,-1032.86,,,,,,,,,,,,,,,,,,,,
ai_output_img_14_1.jpg.csv,5,1692.12,,,,-1692.12,-1692.12,-1692.12,,,,,,,,,,,,,,,,,,,,
ai_output_img_14_1.jpg.csv,6,966.93,,,,-966.93,-966.93,-966.93,,,,,,,,,,,,,,,,,,,,
ai_output_img_14_1.jpg.csv,7,1384.47,,,,1384.47,1384.47,1384.47,,,,,,,,,,,,,,,,,,,,
ai_output_img_14_1.jpg.csv,8,1274.59,1185.351978,,975.8372384,89.23802249,1274.59,298.7527616,,1185.351978,,,,,,,,,,,,,,,,,,
ai_output_img_14_1.jpg.csv,9,1823.98,1274.950335,1447.449923,1140.38787,549.0296651,376.5300772,683.5921302,,1447.449923,,,,,,,,,,,,,,,,,,
ai_output_img_14_2.jpg.csv,0,879.03,,,,879.03,879.03,879.03,,,,,,,,,,,,,,,,,,,,
ai_output_img_14_2.jpg.csv,1,1318.54,,,,1318.54,1318.54,1318.54,,,,,,,,,,,,,,,,,,,,
ai_output_img_14_2.jpg.csv,2,1604.22,1363.581839,1622.290911,1390.763506,240.6381611,-18.07091123,213.4564938,,1622.290911,,,,,,,,,,,,,,,,,,
ai_output_img_14_2.jpg.csv,3,Error was raised properly,1238.341236,1648.661825,1467.556182,#VALUE!,#VALUE!,#VALUE!,,#VALUE!,,,,,,,,,,,,,,,,,,
ai_output_img_14_2.jpg.csv,4,1714.1,,,,1714.1,1714.1,1714.1,,,,,,,,,,,,,,,,,,,,
ai_output_img_14_2.jpg.csv,5,1714.1,,,,1714.1,1714.1,1714.1,,,,,,,,,,,,,,,,,,,,
ai_output_img_14_2.jpg.csv,6,1911.88,,1619.926054,1586.442742,1911.88,291.9539456,325.4372577,,1619.926054,,,,,,,,,,,,,,,,,,
ai_output_img_14_2.jpg.csv,7,1604.22,,,,1604.22,1604.22,1604.22,,,,,,,,,,,,,,,,,,,,
ai_output_img_14_2.jpg.csv,8,1648.17,1403.756882,1455.373978,1381.834909,244.4131175,192.7960221,266.3350914,,1455.373978,,,,,,,,,,,,,,,,,,
ai_output_img_14_2.jpg.csv,9,681.24,,,,681.24,681.24,681.24,,,,,,,,,,,,,,,,,,,,
ai_output_img_14_2.jpg.csv,10,1758.05,,1926.398551,1548.539499,1758.05,-168.3485512,209.5105009,,1926.398551,,,,,,,,,,,,,,,,,,
ai_output_img_14_2.jpg.csv,11,Error was raised properly,,,,#VALUE!,#VALUE!,#VALUE!,,#VALUE!,,,,,,,,,,,,,,,,,,
ai_output_img_14_2.jpg.csv,12,1362.49,,,,1362.49,1362.49,1362.49,,,,,,,,,,,,,,,,,,,,
ai_output_img_14_2.jpg.csv,13,1604.22,,,1096.865166,1604.22,1604.22,507.3548339,,1096.865166,,,,,,,,,,,,,,,,,,
ai_output_img_14_2.jpg.csv,14,1758.05,1325.082987,1721.465055,1467.556182,432.9670128,36.58494453,290.493818,,1721.465055,,,,,,,,,,,,,,,,,,
ai_output_img_14_2.jpg.csv,15,1648.17,,,1305.688687,1648.17,1648.17,342.4813133,,1305.688687,,,,,,,,,,,,,,,,,,
ai_output_img_14_2.jpg.csv,16,1384.47,1138.331331,1684.318909,1625.49316,246.1386694,-299.8489085,-241.02316,,1625.49316,,,,,,,,,,,,,,,,,,
ai_output_img_14_2.jpg.csv,17,1340.51,964.197965,1717.005294,,376.312035,-376.495294,1340.51,,964.197965,,,,,,,,,,,,,,,,,,
ai_output_img_14_2.jpg.csv,18,1736.08,,,,1736.08,1736.08,1736.08,,,,,,,,,,,,,,,,,,,,
ai_output_img_14_2.jpg.csv,19,1845.95,,,1511.869713,1845.95,1845.95,334.0802867,,1511.869713,,,,,,,,,,,,,,,,,,
ai_output_img_14_2.jpg.csv,20,1472.37,,1585.84371,1390.763506,1472.37,-113.4737101,81.60649383,,1390.763506,,,,,,,,,,,,,,,,,,
ai_output_img_14_2.jpg.csv,21,1977.81,,,,1977.81,1977.81,1977.81,,,,,,,,,,,,,,,,,,,,
ai_output_img_14_2.jpg.csv,22,1362.49,1786.497695,,1421.862252,-424.0076949,1362.49,-59.37225241,,1421.862252,,,,,,,,,,,,,,,,,,
ai_output_img_14_2.jpg.csv,23,1274.59,,,,1274.59,1274.59,1274.59,,,,,,,,,,,,,,,,,,,,
ai_output_img_14_2.jpg.csv,24,Error was raised properly,,,,#VALUE!,#VALUE!,#VALUE!,,#VALUE!,,,,,,,,,,,,,,,,,,
ai_output_img_14_2.jpg.csv,25,Error was raised properly,,,,#VALUE!,#VALUE!,#VALUE!,,#VALUE!,,,,,,,,,,,,,,,,,,
ai_output_img_14_2.jpg.csv,26,1977.81,,,1108.836764,1977.81,1977.81,868.973236,,1108.836764,,,,,,,,,,,,,,,,,,
ai_output_img_14_2.jpg.csv,27,1428.42,,,,1428.42,1428.42,1428.42,,,,,,,,,,,,,,,,,,,,
ai_output_img_14_3.jpg.csv,0,1010.88,,,,1010.88,1010.88,1010.88,,,,,,,,,,,,,,,,,,,,
ai_output_img_14_3.jpg.csv,1,1428.42,923.5817587,,,504.8382413,1428.42,1428.42,,923.5817587,,,,,,,,,,,,,,,,,,
ai_output_img_14_3.jpg.csv,2,1977.81,,,,1977.81,1977.81,1977.81,,,,,,,,,,,,,,,,,,,,
ai_output_img_14_3.jpg.csv,3,1472.37,,,1442.60364,1472.37,1472.37,29.76636005,,1442.60364,,,,,,,,,,,,,,,,,,
ai_output_img_14_3.jpg.csv,4,2021.76,,,1544.270602,2021.76,2021.76,477.4893981,,1544.270602,,,,,,,,,,,,,,,,,,
ai_output_img_14_3.jpg.csv,5,2395.35,,,,2395.35,2395.35,2395.35,,,,,,,,,,,,,,,,,,,,
ai_output_img_14_3.jpg.csv,6,1230.64,1578.581531,,1627.015395,-347.9415311,1230.64,-396.3753952,,1578.581531,,,,,,,,,,,,,,,,,,
ai_output_img_14_3.jpg.csv,7,1823.98,,,,1823.98,1823.98,1823.98,,,,,,,,,,,,,,,,,,,,
ai_output_img_14_3.jpg.csv,8,1823.98,,,1516.773971,1823.98,1823.98,307.2060289,,1516.773971,,,,,,,,,,,,,,,,,,
ai_output_img_14_3.jpg.csv,9,1670.15,,,,1670.15,1670.15,1670.15,,,,,,,,,,,,,,,,,,,,
ai_output_img_14_3.jpg.csv,10,1186.68,,,1221.44438,1186.68,1186.68,-34.76437998,,1221.44438,,,,,,,,,,,,,,,,,,
ai_output_img_14_3.jpg.csv,11,1098.78,,,1748.747836,1098.78,1098.78,-649.9678358,,1748.747836,,,,,,,,,,,,,,,,,,
ai_output_img_14_3.jpg.csv,12,285.68,,,,285.68,285.68,285.68,,,,,,,,,,,,,,,,,,,,
ai_output_img_14_3.jpg.csv,13,2131.64,,,,2131.64,2131.64,2131.64,,,,,,,,,,,,,,,,,,,,
ai_output_img_14_3.jpg.csv,14,1406.44,,,,1406.44,1406.44,1406.44,,,,,,,,,,,,,,,,,,,,
ai_output_img_14_4.jpg.csv,0,901,,,,901,901,901,,,,,,,,,,,,,,,,,,,,
ai_output_img_14_4.jpg.csv,1,1823.98,,,,1823.98,1823.98,1823.98,,,,,,,,,,,,,,,,,,,,
ai_output_img_14_4.jpg.csv,2,1802,,,,1802,1802,1802,,,,,,,,,,,,,,,,,,,,
ai_output_img_14_4.jpg.csv,3,1384.47,,1634.650281,1589.04134,1384.47,-250.1802806,-204.5713398,,1589.04134,,,,,,,,,,,,,,,,,,
ai_output_img_14_4.jpg.csv,4,Error was raised properly,,,,#VALUE!,#VALUE!,#VALUE!,,#VALUE!,,,,,,,,,,,,,,,,,,
ai_output_img_14_4.jpg.csv,5,1845.95,,,,1845.95,1845.95,1845.95,,,,,,,,,,,,,,,,,,,,
ai_output_img_14_4.jpg.csv,6,1538.29,1585.850556,1641.087088,1410.207447,-47.5605559,-102.7970884,128.0825528,,1585.850556,,,,,,,,,,,,,,,,,,
ai_output_img_14_4.jpg.csv,7,1494.34,,1743.042995,1482.660074,1494.34,-248.7029947,11.67992591,,1482.660074,,,,,,,,,,,,,,,,,,
ai_output_img_14_4.jpg.csv,8,966.93,,,,966.93,966.93,966.93,,,,,,,,,,,,,,,,,,,,
ai_output_img_14_4.jpg.csv,9,1560.27,,,,1560.27,1560.27,1560.27,,,,,,,,,,,,,,,,,,,,
ai_output_img_14_4.jpg.csv,10,1845.95,,1461.288821,1195.496823,1845.95,384.6611791,650.4531769,,1461.288821,,,,,,,,,,,,,,,,,,
ai_output_img_14_4.jpg.csv,11,1318.54,,,,1318.54,1318.54,1318.54,,,,,,,,,,,,,,,,,,,,
ai_output_img_14_4.jpg.csv,12,1538.29,,,,1538.29,1538.29,1538.29,,,,,,,,,,,,,,,,,,,,
ai_output_img_14_4.jpg.csv,13,1494.34,,,,1494.34,1494.34,1494.34,,,,,,,,,,,,,,,,,,,,
ai_output_img_14_4.jpg.csv,14,1999.78,,1764.900187,1627.015395,1999.78,234.879813,372.7646048,,1764.900187,,,,,,,,,,,,,,,,,,
ai_output_img_14_4.jpg.csv,15,1406.44,,,,1406.44,1406.44,1406.44,,,,,,,,,,,,,,,,,,,,
ai_output_img_14_4.jpg.csv,16,1318.54,,,,1318.54,1318.54,1318.54,,,,,,,,,,,,,,,,,,,,
ai_output_img_14_4.jpg.csv,17,351.61,,,,351.61,351.61,351.61,,,,,,,,,,,,,,,,,,,,
ai_output_img_14_4.jpg.csv,18,175.81,,,,175.81,175.81,175.81,,,,,,,,,,,,,,,,,,,,
ai_output_img_14_4.jpg.csv,19,1384.47,1185.351978,1504.590846,1261.981932,199.1180225,-120.1208462,122.4880681,,1504.590846,,,,,,,,,,,,,,,,,,
ai_output_img_14_4.jpg.csv,20,1802,1799.859868,1591.273664,1346.141305,2.140131695,210.7263355,455.8586948,,1799.859868,,,,,,,,,,,,,,,,,,
ai_output_img_14_4.jpg.csv,21,1230.64,,,1507.496979,1230.64,1230.64,-276.856979,,1507.496979,,,,,,,,,,,,,,,,,,
ai_output_img_14_4.jpg.csv,22,1538.29,,,,1538.29,1538.29,1538.29,,,,,,,,,,,,,,,,,,,,
ai_output_img_14_4.jpg.csv,23,Error was raised properly,,,,#VALUE!,#VALUE!,#VALUE!,,#VALUE!,,,,,,,,,,,,,,,,,,
ai_output_img_14_4.jpg.csv,24,Error was raised properly,,1657.358888,1673.518053,#VALUE!,#VALUE!,#VALUE!,,#VALUE!,,,,,,,,,,,,,,,,,,
ai_output_img_14_4.jpg.csv,25,1670.15,,,1643.164827,1670.15,1670.15,26.98517285,,1643.164827,,,,,,,,,,,,,,,,,,
ai_output_img_14_4.jpg.csv,26,87.9,,,,87.9,87.9,87.9,,,,,,,,,,,,,,,,,,,,
ai_output_img_14_4.jpg.csv,27,Error was raised properly,,,,#VALUE!,#VALUE!,#VALUE!,,#VALUE!,,,,,,,,,,,,,,,,,,
ai_output_img_14_4.jpg.csv,28,1494.34,,,,1494.34,1494.34,1494.34,,,,,,,,,,,,,,,,,,,,
ai_output_img_14_4.jpg.csv,29,1384.47,,,,1384.47,1384.47,1384.47,,,,,,,,,,,,,,,,,,,,
ai_output_img_14_4.jpg.csv,30,1670.15,,,,1670.15,1670.15,1670.15,,,,,,,,,,,,,,,,,,,,
ai_output_img_14_4.jpg.csv,31,1362.49,,,,1362.49,1362.49,1362.49,,,,,,,,,,,,,,,,,,,,
ai_output_img_14_4.jpg.csv,32,1802,,,,1802,1802,1802,,,,,,,,,,,,,,,,,,,,
ai_output_img_14_4.jpg.csv,33,1714.1,,,,1714.1,1714.1,1714.1,,,,,,,,,,,,,,,,,,,,
ai_output_img_14_4.jpg.csv,34,439.51,,,,439.51,439.51,439.51,,,,,,,,,,,,,,,,,,,,
ai_output_img_14_4.jpg.csv,35,1362.49,,,,1362.49,1362.49,1362.49,,,,,,,,,,,,,,,,,,,,
ai_output_img_14_4.jpg.csv,36,2329.42,,,,2329.42,2329.42,2329.42,,,,,,,,,,,,,,,,,,,,
ai_output_img_15_1.jpg.csv,0,1760.02,1212.173024,1482.06929,1659.167515,547.8469759,277.9507099,100.8524847,,1659.167515,,,,,,,,,,,,,,,,,,
ai_output_img_15_1.jpg.csv,1,1303.72,,,,1303.72,1303.72,1303.72,,,,,,,,,,,,,,,,,,,,
ai_output_img_15_1.jpg.csv,2,Error was raised properly,,,,#VALUE!,#VALUE!,#VALUE!,,#VALUE!,,,,,,,,,,,,,,,,,,
ai_output_img_15_1.jpg.csv,3,1521.01,1375.837905,1732.20931,1694.769829,145.1720945,-211.1993102,-173.7598287,,1375.837905,,,,,,,,,,,,,,,,,,
ai_output_img_15_1.jpg.csv,4,1933.85,1601.800067,1862.046691,1689.047461,332.0499325,71.80330912,244.8025393,,1862.046691,,,,,,,,,,,,,,,,,,
ai_output_img_15_1.jpg.csv,5,1673.11,1736.539257,1688.931473,1664.507937,-63.42925697,-15.82147283,8.602063419,,1664.507937,,,,,,,,,,,,,,,,,,
ai_output_img_15_1.jpg.csv,6,1260.26,1042.606865,1348.312527,1326.21511,217.6531346,-88.05252746,-65.95510999,,1326.21511,,,,,,,,,,,,,,,,,,
ai_output_img_15_1.jpg.csv,7,1629.65,1262.164748,1429.282089,1207.771947,367.4852515,200.3679107,421.8780532,,1429.282089,,,,,,,,,,,,,,,,,,
ai_output_img_15_1.jpg.csv,8,1846.94,1688.383855,1991.888992,1767.931904,158.5561451,-144.9489921,79.00809638,,1767.931904,,,,,,,,,,,,,,,,,,
ai_output_img_15_1.jpg.csv,9,1390.63,1659.271606,1831.090767,1608.803138,-268.641606,-440.4607672,-218.1731379,,1608.803138,,,,,,,,,,,,,,,,,,
ai_output_img_15_1.jpg.csv,10,260.74,,,,260.74,260.74,260.74,,,,,,,,,,,,,,,,,,,,
ai_output_img_15_1.jpg.csv,11,1651.38,,,,1651.38,1651.38,1651.38,,,,,,,,,,,,,,,,,,,,
ai_output_img_15_1.jpg.csv,12,195.56,,,,195.56,195.56,195.56,,,,,,,,,,,,,,,,,,,,
ai_output_img_15_1.jpg.csv,13,1651.38,1366.954826,1688.376542,1689.047461,284.4251736,-36.99654215,-37.66746071,,1688.376542,,,,,,,,,,,,,,,,,,
ai_output_img_15_1.jpg.csv,14,1673.11,1472.560894,2123.059877,2049.058553,200.5491058,-449.9498773,-375.9485531,,1472.560894,,,,,,,,,,,,,,,,,,
ai_output_img_15_2.jpg.csv,0,1129.89,,1588.280604,,1129.89,-458.3906044,1129.89,,1588.280604,,,,,,,,,,,,,,,,,,
ai_output_img_15_2.jpg.csv,1,1303.72,,,,1303.72,1303.72,1303.72,,,,,,,,,,,,,,,,,,,,
ai_output_img_15_2.jpg.csv,2,Error was raised properly,,,,#VALUE!,#VALUE!,#VALUE!,,#VALUE!,,,,,,,,,,,,,,,,,,
ai_output_img_15_2.jpg.csv,3,Error was raised properly,,,,#VALUE!,#VALUE!,#VALUE!,,#VALUE!,,,,,,,,,,,,,,,,,,
ai_output_img_15_2.jpg.csv,4,1586.19,,1955.80794,,1586.19,-369.6179399,1586.19,,1955.80794,,,,,,,,,,,,,,,,,,
ai_output_img_15_2.jpg.csv,5,1846.94,1429.28828,,,417.6517201,1846.94,1846.94,,1429.28828,,,,,,,,,,,,,,,,,,
ai_output_img_15_2.jpg.csv,6,2064.22,,1375.831946,1328.038923,2064.22,688.3880536,736.1810774,,1375.831946,,,,,,,,,,,,,,,,,,
ai_output_img_15_2.jpg.csv,7,1499.28,1402.14952,1517.681513,1331.073057,97.13047996,-18.40151295,168.2069429,,1517.681513,,,,,,,,,,,,,,,,,,
ai_output_img_15_2.jpg.csv,8,1390.63,1559.109334,1579.99901,1287.944889,-168.4793341,-189.3690104,102.685111,,1287.944889,,,,,,,,,,,,,,,,,,
ai_output_img_15_2.jpg.csv,9,1390.63,,,1567.140913,1390.63,1390.63,-176.5109134,,1567.140913,,,,,,,,,,,,,,,,,,
ai_output_img_15_2.jpg.csv,10,1868.67,,,,1868.67,1868.67,1868.67,,,,,,,,,,,,,,,,,,,,
ai_output_img_15_2.jpg.csv,11,1564.46,,,,1564.46,1564.46,1564.46,,,,,,,,,,,,,,,,,,,,
ai_output_img_15_2.jpg.csv,12,1216.81,1385.340599,1715.357038,1386.879889,-168.5305989,-498.5470379,-170.0698885,,1385.340599,,,,,,,,,,,,,,,,,,
ai_output_img_15_2.jpg.csv,13,1238.53,1745.152028,,,-506.6220278,1238.53,1238.53,,1745.152028,,,,,,,,,,,,,,,,,,
ai_output_img_15_2.jpg.csv,14,195.56,,,,195.56,195.56,195.56,,,,,,,,,,,,,,,,,,,,
ai_output_img_15_3.jpg.csv,0,1890.39,1736.539257,,1769.300449,153.850743,1890.39,121.0895513,,1769.300449,,,,,,,,,,,,,,,,,,
ai_output_img_15_3.jpg.csv,1,1521.01,,,1774.764076,1521.01,1521.01,-253.7540761,,1774.764076,,,,,,,,,,,,,,,,,,
ai_output_img_15_3.jpg.csv,2,1281.99,,,1420.220343,1281.99,1281.99,-138.2303432,,1420.220343,,,,,,,,,,,,,,,,,,
ai_output_img_15_3.jpg.csv,3,1434.09,,,,1434.09,1434.09,1434.09,,,,,,,,,,,,,,,,,,,,
ai_output_img_15_3.jpg.csv,4,1738.29,1517.688086,1650.203522,1608.803138,220.6019136,88.08647804,129.4868621,,1650.203522,,,,,,,,,,,,,,,,,,
ai_output_img_15_3.jpg.csv,5,1607.92,,,,1607.92,1607.92,1607.92,,,,,,,,,,,,,,,,,,,,
ai_output_img_15_3.jpg.csv,6,1303.72,,,,1303.72,1303.72,1303.72,,,,,,,,,,,,,,,,,,,,
ai_output_img_15_3.jpg.csv,7,1629.65,,,,1629.65,1629.65,1629.65,,,,,,,,,,,,,,,,,,,,
ai_output_img_15_3.jpg.csv,8,1738.29,,,,1738.29,1738.29,1738.29,,,,,,,,,,,,,,,,,,,,
ai_output_img_15_3.jpg.csv,9,1651.38,,,,1651.38,1651.38,1651.38,,,,,,,,,,,,,,,,,,,,
ai_output_img_15_3.jpg.csv,10,1151.62,,,,1151.62,1151.62,1151.62,,,,,,,,,,,,,,,,,,,,
ai_output_img_15_3.jpg.csv,11,2194.6,,,1607.297942,2194.6,2194.6,587.3020579,,1607.297942,,,,,,,,,,,,,,,,,,
ai_output_img_15_3.jpg.csv,12,2172.87,,,,2172.87,2172.87,2172.87,,,,,,,,,,,,,,,,,,,,
ai_output_img_15_3.jpg.csv,13,1760.02,,,,1760.02,1760.02,1760.02,,,,,,,,,,,,,,,,,,,,
ai_output_img_15_4.jpg.csv,0,1607.92,,1697.23366,1491.163729,1607.92,-89.3136602,116.7562707,,1697.23366,,,,,,,,,,,,,,,,,,
ai_output_img_15_4.jpg.csv,1,1281.99,,,,1281.99,1281.99,1281.99,,,,,,,,,,,,,,,,,,,,
ai_output_img_15_4.jpg.csv,2,1521.01,,1757.984454,1627.748482,1521.01,-236.9744544,-106.7384823,,1627.748482,,,,,,,,,,,,,,,,,,
ai_output_img_15_4.jpg.csv,3,825.69,,,,825.69,825.69,825.69,,,,,,,,,,,,,,,,,,,,
ai_output_img_15_4.jpg.csv,4,86.91,,,,86.91,86.91,86.91,,,,,,,,,,,,,,,,,,,,
ai_output_img_15_4.jpg.csv,5,1564.46,1316.671545,1659.264419,1539.613181,247.7884552,-94.80441929,24.84681884,,1539.613181,,,,,,,,,,,,,,,,,,
ai_output_img_15_4.jpg.csv,6,1738.29,1560.911426,1751.04115,1750.043431,177.3785739,-12.75114976,-11.75343094,,1750.043431,,,,,,,,,,,,,,,,,,
ai_output_img_15_4.jpg.csv,7,1434.09,,,,1434.09,1434.09,1434.09,,,,,,,,,,,,,,,,,,,,
ai_output_img_15_4.jpg.csv,8,1825.21,1588.287484,1893.486389,1670.797336,236.9225163,-68.27638867,154.4126635,,1893.486389,,,,,,,,,,,,,,,,,,
ai_output_img_15_4.jpg.csv,9,1912.12,,2003.147993,1744.039834,1912.12,-91.02799267,168.0801663,,2003.147993,,,,,,,,,,,,,,,,,,
ai_output_img_15_4.jpg.csv,10,1434.09,,,,1434.09,1434.09,1434.09,,,,,,,,,,,,,,,,,,,,
ai_output_img_15_4.jpg.csv,11,1738.29,1215.261368,1474.462383,1659.167515,523.028632,263.8276171,79.12248474,,1659.167515,,,,,,,,,,,,,,,,,,
ai_output_img_15_4.jpg.csv,12,Error was raised properly,,,,#VALUE!,#VALUE!,#VALUE!,,#VALUE!,,,,,,,,,,,,,,,,,,
ai_output_img_15_4.jpg.csv,13,1651.38,,,,1651.38,1651.38,1651.38,,,,,,,,,,,,,,,,,,,,
ai_output_img_15_4.jpg.csv,14,1694.84,,,,1694.84,1694.84,1694.84,,,,,,,,,,,,,,,,,,,,
ai_output_img_15_4.jpg.csv,15,1607.92,,1534.261977,1340.736146,1607.92,73.658023,267.1838538,,1534.261977,,,,,,,,,,,,,,,,,,
ai_output_img_15_4.jpg.csv,16,1216.81,,,,1216.81,1216.81,1216.81,,,,,,,,,,,,,,,,,,,,
ai_output_img_15_4.jpg.csv,17,1064.7,1197.394616,1784.962774,1591.660904,-132.6946163,-720.2627741,-526.9609042,,1197.394616,,,,,,,,,,,,,,,,,,
ai_output_img_15_4.jpg.csv,18,86.91,,,,86.91,86.91,86.91,,,,,,,,,,,,,,,,,,,,
ai_output_img_15_4.jpg.csv,19,1716.56,,1950.049906,,1716.56,-233.489906,1716.56,,1950.049906,,,,,,,,,,,,,,,,,,
ai_output_img_15_4.jpg.csv,20,1521.01,,,,1521.01,1521.01,1521.01,,,,,,,,,,,,,,,,,,,,
ai_output_img_15_4.jpg.csv,21,1803.48,,,,1803.48,1803.48,1803.48,,,,,,,,,,,,,,,,,,,,
ai_output_img_15_4.jpg.csv,22,Error was raised properly,1477.643087,,,#VALUE!,#VALUE!,#VALUE!,,#VALUE!,,,,,,,,,,,,,,,,,,
ai_output_img_15_4.jpg.csv,23,Error was raised properly,1611.133286,1965.367175,1849.560974,#VALUE!,#VALUE!,#VALUE!,,#VALUE!,,,,,,,,,,,,,,,,,,
ai_output_img_15_4.jpg.csv,24,1825.21,1690.602494,1928.790055,1734.76296,134.6075057,-103.5800548,90.4470397,,1734.76296,,,,,,,,,,,,,,,,,,
ai_output_img_15_4.jpg.csv,25,1216.81,,,,1216.81,1216.81,1216.81,,,,,,,,,,,,,,,,,,,,
ai_output_img_15_4.jpg.csv,26,1716.56,,1369.003954,,1716.56,347.5560458,1716.56,,1369.003954,,,,,,,,,,,,,,,,,,
ai_output_img_15_4.jpg.csv,27,717.05,,,,717.05,717.05,717.05,,,,,,,,,,,,,,,,,,,,
ai_output_img_15_4.jpg.csv,28,2129.41,,1784.962774,2048.270908,2129.41,344.4472259,81.139092,,2048.270908,,,,,,,,,,,,,,,,,,
ai_output_img_15_4.jpg.csv,29,1521.01,1273.988564,1606.466497,1451.684739,247.021436,-85.45649672,69.32526142,,1451.684739,,,,,,,,,,,,,,,,,,
ai_output_img_15_4.jpg.csv,30,1325.45,,,,1325.45,1325.45,1325.45,,,,,,,,,,,,,,,,,,,,
ai_output_img_15_4.jpg.csv,31,2607.44,,,,2607.44,2607.44,2607.44,,,,,,,,,,,,,,,,,,,,
ai_output_img_15_4.jpg.csv,32,1803.48,,1995.64905,,1803.48,-192.1690501,1803.48,,1995.64905,,,,,,,,,,,,,,,,,,
ai_output_img_15_4.jpg.csv,33,1651.38,,,,1651.38,1651.38,1651.38,,,,,,,,,,,,,,,,,,,,
ai_output_img_16_1.jpg.csv,0,1289.17,,,,1289.17,1289.17,1289.17,,,,,,,,,,,,,,,,,,,,
ai_output_img_16_1.jpg.csv,1,1740.38,1640.841886,2055.367161,2025.910014,99.53811369,-314.9871612,-285.5300143,,1640.841886,,,,,,,,,,,,,,,,,,
ai_output_img_16_1.jpg.csv,2,Error was raised properly,,,,#VALUE!,#VALUE!,#VALUE!,,#VALUE!,,,,,,,,,,,,,,,,,,
ai_output_img_16_1.jpg.csv,3,1847.82,,,,1847.82,1847.82,1847.82,,,,,,,,,,,,,,,,,,,,
ai_output_img_16_1.jpg.csv,4,1611.47,,,,1611.47,1611.47,1611.47,,,,,,,,,,,,,,,,,,,,
ai_output_img_16_1.jpg.csv,5,1439.58,,,,1439.58,1439.58,1439.58,,,,,,,,,,,,,,,,,,,,
ai_output_img_16_1.jpg.csv,6,1761.87,1589.20691,1759.937726,1788.00898,172.6630899,1.932273993,-26.13897992,,1759.937726,,,,,,,,,,,,,,,,,,
ai_output_img_16_1.jpg.csv,7,1804.84,1678.389561,1928.39045,1948.083265,126.4504389,-123.5504504,-143.2432646,,1928.39045,,,,,,,,,,,,,,,,,,
ai_output_img_16_1.jpg.csv,8,1589.98,1369.953462,1717.243854,1390.330402,220.0265377,-127.2638538,199.649598,,1717.243854,,,,,,,,,,,,,,,,,,
ai_output_img_16_1.jpg.csv,9,1375.12,,,,1375.12,1375.12,1375.12,,,,,,,,,,,,,,,,,,,,
ai_output_img_16_1.jpg.csv,10,Error was raised properly,,,,#VALUE!,#VALUE!,#VALUE!,,#VALUE!,,,,,,,,,,,,,,,,,,
ai_output_img_16_1.jpg.csv,11,1117.28,823.4869061,,,293.7930939,1117.28,1117.28,,823.4869061,,,,,,,,,,,,,,,,,,
ai_output_img_16_1.jpg.csv,12,1847.82,1513.599036,1704.388448,1668.869317,334.2209639,143.4315523,178.9506832,,1704.388448,,,,,,,,,,,,,,,,,,
ai_output_img_16_1.jpg.csv,13,1804.84,1077.954587,1802.637147,1593.411683,726.8854129,2.202852697,211.4283168,,1802.637147,,,,,,,,,,,,,,,,,,
ai_output_img_16_1.jpg.csv,14,1654.44,1503.880804,1969.299544,1907.152581,150.5591962,-314.8595438,-252.7125809,,1503.880804,,,,,,,,,,,,,,,,,,
ai_output_img_16_1.jpg.csv,15,1675.93,,1712.969438,1747.843934,1675.93,-37.03943808,-71.91393389,,1712.969438,,,,,,,,,,,,,,,,,,
ai_output_img_16_1.jpg.csv,16,Error was raised properly,,,,#VALUE!,#VALUE!,#VALUE!,,#VALUE!,,,,,,,,,,,,,,,,,,
ai_output_img_16_1.jpg.csv,17,1933.76,,1883.677825,1906.738837,1933.76,50.08217549,27.02116302,,1906.738837,,,,,,,,,,,,,,,,,,
ai_output_img_16_1.jpg.csv,18,1547.01,1486.104535,1589.200004,1764.019698,60.90546513,-42.19000372,-217.0096981,,1589.200004,,,,,,,,,,,,,,,,,,
ai_output_img_16_1.jpg.csv,19,1074.31,,,,1074.31,1074.31,1074.31,,,,,,,,,,,,,,,,,,,,
ai_output_img_16_1.jpg.csv,20,1654.44,1369.953462,1798.565686,1842.769895,284.4865377,-144.1256861,-188.3298948,,1798.565686,,,,,,,,,,,,,,,,,,
ai_output_img_16_2.jpg.csv,0,1718.9,1423.1051,,1478.341817,295.7949002,1718.9,240.5581827,,1478.341817,,,,,,,,,,,,,,,,,,
ai_output_img_16_2.jpg.csv,1,1224.72,,1513.592458,1730.605498,1224.72,-288.8724583,-505.8854982,,1513.592458,,,,,,,,,,,,,,,,,,
ai_output_img_16_2.jpg.csv,2,1375.12,1375.960595,2058.930869,1517.84143,-0.8405952135,-683.8108694,-142.7214305,,1375.960595,,,,,,,,,,,,,,,,,,
ai_output_img_16_2.jpg.csv,3,Error was raised properly,,,,#VALUE!,#VALUE!,#VALUE!,,#VALUE!,,,,,,,,,,,,,,,,,,
ai_output_img_16_2.jpg.csv,4,1547.01,,1763.578801,1590.933977,1547.01,-216.568801,-43.92397728,,1590.933977,,,,,,,,,,,,,,,,,,
ai_output_img_16_2.jpg.csv,5,Error was raised properly,,,,#VALUE!,#VALUE!,#VALUE!,,#VALUE!,,,,,,,,,,,,,,,,,,
ai_output_img_16_2.jpg.csv,6,1418.09,,1520.237678,1445.965444,1418.09,-102.1476776,-27.8754441,,1445.965444,,,,,,,,,,,,,,,,,,
ai_output_img_16_2.jpg.csv,7,1160.26,,,,1160.26,1160.26,1160.26,,,,,,,,,,,,,,,,,,,,
ai_output_img_16_2.jpg.csv,8,1718.9,1674.563232,1755.767252,1791.535628,44.33676754,-36.8672516,-72.63562828,,1755.767252,,,,,,,,,,,,,,,,,,
ai_output_img_16_2.jpg.csv,9,1718.9,900.0506931,,,818.8493069,1718.9,1718.9,,900.0506931,,,,,,,,,,,,,,,,,,
ai_output_img_16_2.jpg.csv,10,1697.41,1302.047123,1428.882588,1192.373651,395.3628768,268.5274121,505.0363486,,1428.882588,,,,,,,,,,,,,,,,,,
ai_output_img_16_2.jpg.csv,11,1761.87,1911.214736,1780.643588,1620.416423,-149.3447362,-18.77358802,141.4535772,,1780.643588,,,,,,,,,,,,,,,,,,
ai_output_img_16_2.jpg.csv,12,1890.79,1674.563232,1513.592458,1685.334952,216.2267675,377.1975417,205.455048,,1685.334952,,,,,,,,,,,,,,,,,,
ai_output_img_16_2.jpg.csv,13,1310.66,,,,1310.66,1310.66,1310.66,,,,,,,,,,,,,,,,,,,,
ai_output_img_16_2.jpg.csv,14,1740.38,1599.55267,1941.650659,1567.452112,140.8273298,-201.2706588,172.9278879,,1599.55267,,,,,,,,,,,,,,,,,,
ai_output_img_16_2.jpg.csv,15,1589.98,1528.060502,1731.59211,1685.334952,61.91949816,-141.61211,-95.35495197,,1528.060502,,,,,,,,,,,,,,,,,,
ai_output_img_16_2.jpg.csv,16,687.56,,1788.34648,,687.56,-1100.78648,687.56,,,,,,,,,,,,,,,,,,,,
ai_output_img_16_2.jpg.csv,17,1547.01,1267.814261,1731.59211,1606.725272,279.1957389,-184.58211,-59.71527226,,1606.725272,,,,,,,,,,,,,,,,,,
ai_output_img_16_2.jpg.csv,18,1675.93,,1599.545719,1706.271593,1675.93,76.38428121,-30.34159264,,1706.271593,,,,,,,,,,,,,,,,,,
ai_output_img_16_2.jpg.csv,19,2127.14,1598.406448,1671.817513,1691.409935,528.7335519,455.3224865,435.7300652,,1691.409935,,,,,,,,,,,,,,,,,,
ai_output_img_16_2.jpg.csv,20,1869.3,1652.528546,1505.701207,1445.965444,216.7714544,363.5987934,423.3345559,,1652.528546,,,,,,,,,,,,,,,,,,
ai_output_img_16_2.jpg.csv,21,1675.93,1205.569993,1630.188968,1404.445793,470.3600072,45.74103227,271.4842067,,1630.188968,,,,,,,,,,,,,,,,,,
ai_output_img_16_2.jpg.csv,22,1461.06,,1696.304346,1514.198398,1461.06,-235.2443462,-53.13839761,,1514.198398,,,,,,,,,,,,,,,,,,
ai_output_img_16_2.jpg.csv,23,1589.98,1543.574204,1696.304346,1488.977507,46.40579583,-106.3243462,101.0024929,,1543.574204,,,,,,,,,,,,,,,,,,
ai_output_img_16_2.jpg.csv,24,107.43,,,,107.43,107.43,107.43,,,,,,,,,,,,,,,,,,,,
ai_output_img_16_2.jpg.csv,25,Error was raised properly,,1630.188968,,#VALUE!,#VALUE!,#VALUE!,,#VALUE!,,,,,,,,,,,,,,,,,,
ai_output_img_16_2.jpg.csv,26,1826.33,1225.921784,1891.445601,1551.261082,600.4082164,-65.11560107,275.0689184,,1891.445601,,,,,,,,,,,,,,,,,,
ai_output_img_16_2.jpg.csv,27,1718.9,,1671.817513,1551.261082,1718.9,47.08248655,167.6389184,,1671.817513,,,,,,,,,,,,,,,,,,
ai_output_img_16_2.jpg.csv,28,1353.63,1725.768424,1731.59211,1640.738952,-372.1384244,-377.96211,-287.1089517,,1640.738952,,,,,,,,,,,,,,,,,,
ai_output_img_16_2.jpg.csv,29,1418.09,1100.668571,1505.701207,1417.86437,317.4214287,-87.61120661,0.2256300111,,1417.86437,,,,,,,,,,,,,,,,,,
ai_output_img_16_2.jpg.csv,30,Error was raised properly,,,,#VALUE!,#VALUE!,#VALUE!,,#VALUE!,,,,,,,,,,,,,,,,,,
ai_output_img_16_2.jpg.csv,31,451.21,,,,451.21,451.21,451.21,,,,,,,,,,,,,,,,,,,,
ai_output_img_16_2.jpg.csv,32,859.45,,,,859.45,859.45,859.45,,,,,,,,,,,,,,,,,,,,
ai_output_img_16_3.jpg.csv,0,1869.3,1375.960595,1800.093563,1629.15712,493.3394048,69.20643679,240.1428798,,1800.093563,,,,,,,,,,,,,,,,,,
ai_output_img_16_3.jpg.csv,1,2234.57,,,,2234.57,2234.57,2234.57,,,,,,,,,,,,,,,,,,,,
ai_output_img_16_3.jpg.csv,2,1418.09,,,,1418.09,1418.09,1418.09,,,,,,,,,,,,,,,,,,,,
ai_output_img_16_3.jpg.csv,3,1675.93,,,1829.017688,1675.93,1675.93,-153.0876885,,1829.017688,,,,,,,,,,,,,,,,,,
ai_output_img_16_3.jpg.csv,4,1718.9,,,,1718.9,1718.9,1718.9,,,,,,,,,,,,,,,,,,,,
ai_output_img_16_3.jpg.csv,5,1332.15,1031.026512,1338.139006,1191.711773,301.1234884,-5.989006461,140.4382269,,1338.139006,,,,,,,,,,,,,,,,,,
ai_output_img_16_3.jpg.csv,6,2019.71,,2099.04225,1636.405371,2019.71,-79.33225015,383.304629,,2099.04225,,,,,,,,,,,,,,,,,,
ai_output_img_16_4.jpg.csv,0,923.91,,,,923.91,923.91,923.91,,,,,,,,,,,,,,,,,,,,
ai_output_img_16_4.jpg.csv,1,1632.95,,,,1632.95,1632.95,1632.95,,,,,,,,,,,,,,,,,,,,
ai_output_img_16_4.jpg.csv,2,Error was raised properly,1329.901551,1412.758368,1510.024169,#VALUE!,#VALUE!,#VALUE!,,#VALUE!,,,,,,,,,,,,,,,,,,
ai_output_img_16_4.jpg.csv,3,1224.72,,,1365.13287,1224.72,1224.72,-140.4128703,,1365.13287,,,,,,,,,,,,,,,,,,
ai_output_img_16_4.jpg.csv,4,1890.79,,2203.823885,,1890.79,-313.0338848,1890.79,,2203.823885,,,,,,,,,,,,,,,,,,
ai_output_img_16_4.jpg.csv,5,1675.93,,1671.817513,1551.261082,1675.93,4.112486545,124.6689184,,1671.817513,,,,,,,,,,,,,,,,,,
ai_output_img_16_4.jpg.csv,6,1568.49,1329.901551,1418.584201,1232.076038,238.5884486,149.9057992,336.4139625,,1418.584201,,,,,,,,,,,,,,,,,,
ai_output_img_16_4.jpg.csv,7,1976.73,1201.763321,1461.224386,1573.982144,774.9666792,515.5056144,402.7478556,,1573.982144,,,,,,,,,,,,,,,,,,
ai_output_img_16_4.jpg.csv,8,1847.82,,1584.001807,1430.054128,1847.82,263.818193,417.7658723,,1584.001807,,,,,,,,,,,,,,,,,,
ai_output_img_16_4.jpg.csv,9,988.37,,,1151.988047,988.37,988.37,-163.6180473,,1151.988047,,,,,,,,,,,,,,,,,,
ai_output_img_16_4.jpg.csv,10,Error was raised properly,,,,#VALUE!,#VALUE!,#VALUE!,,#VALUE!,,,,,,,,,,,,,,,,,,
ai_output_img_16_4.jpg.csv,11,2019.71,,,,2019.71,2019.71,2019.71,,,,,,,,,,,,,,,,,,,,
ai_output_img_16_4.jpg.csv,12,1332.15,1513.599036,1640.834756,1483.137316,-181.4490361,-308.6847555,-150.9873161,,1483.137316,,,,,,,,,,,,,,,,,,
ai_output_img_16_4.jpg.csv,13,1396.61,1635.807759,,1630.609348,-239.1977592,1396.61,-233.9993479,,1630.609348,,,,,,,,,,,,,,,,,,
ai_output_img_16_4.jpg.csv,14,1461.06,,,1549.225305,1461.06,1461.06,-88.16530504,,1549.225305,,,,,,,,,,,,,,,,,,
ai_output_img_16_4.jpg.csv,15,1761.87,,,,1761.87,1761.87,1761.87,,,,,,,,,,,,,,,,,,,,
ai_output_img_16_4.jpg.csv,16,1568.49,,1704.388448,1630.609348,1568.49,-135.8984477,-62.11934794,,1630.609348,,,,,,,,,,,,,,,,,,
ai_output_img_16_4.jpg.csv,17,1375.12,,,1483.137316,1375.12,1375.12,-108.0173161,,1483.137316,,,,,,,,,,,,,,,,,,
ai_output_img_16_4.jpg.csv,18,1289.17,,,,1289.17,1289.17,1289.17,,,,,,,,,,,,,,,,,,,,
ai_output_img_16_4.jpg.csv,19,1525.52,1217.671375,1714.573593,1549.7345,307.8486249,-189.0535927,-24.2144999,,1549.7345,,,,,,,,,,,,,,,,,,
ai_output_img_16_4.jpg.csv,20,2062.68,,,1514.198398,2062.68,2062.68,548.4816024,,1514.198398,,,,,,,,,,,,,,,,,,
ai_output_img_16_4.jpg.csv,21,Error was raised properly,,,,#VALUE!,#VALUE!,#VALUE!,,#VALUE!,,,,,,,,,,,,,,,,,,
ai_output_img_16_4.jpg.csv,22,1504.04,1435.926125,1604.693564,1691.409935,68.11387451,-100.6535638,-187.3699348,,1435.926125,,,,,,,,,,,,,,,,,,
ai_output_img_16_4.jpg.csv,23,1933.76,2019.392987,2104.710045,1798.56818,-85.63298674,-170.9500451,135.1918201,,2019.392987,,,,,,,,,,,,,,,,,,
ai_output_img_16_4.jpg.csv,24,1332.15,915.1956264,1380.60874,1325.844436,416.9543736,-48.45873963,6.305563638,,1325.844436,,,,,,,,,,,,,,,,,,
ai_output_img_16_4.jpg.csv,25,2062.68,,,,2062.68,2062.68,2062.68,,,,,,,,,,,,,,,,,,,,
ai_output_img_16_4.jpg.csv,26,Error was raised properly,,1418.584201,,#VALUE!,#VALUE!,#VALUE!,,#VALUE!,,,,,,,,,,,,,,,,,,
ai_output_img_16_4.jpg.csv,27,1461.06,,,,1461.06,1461.06,1461.06,,,,,,,,,,,,,,,,,,,,
ai_output_img_16_4.jpg.csv,28,Error was raised properly,,,1628.672757,#VALUE!,#VALUE!,#VALUE!,,#VALUE!,,,,,,,,,,,,,,,,,,
ai_output_img_16_4.jpg.csv,29,1547.01,,,,1547.01,1547.01,1547.01,,,,,,,,,,,,,,,,,,,,
ai_output_img_16_4.jpg.csv,30,2019.71,1696.311718,1888.051131,,323.3982819,131.6588688,2019.71,,1888.051131,,,,,,,,,,,,,,,,,,
ai_output_img_16_4.jpg.csv,31,1547.01,,,1390.897768,1547.01,1547.01,156.112232,,1390.897768,,,,,,,,,,,,,,,,,,
ai_output_img_16_4.jpg.csv,32,Error was raised properly,,,,#VALUE!,#VALUE!,#VALUE!,,#VALUE!,,,,,,,,,,,,,,,,,,
ai_output_img_16_4.jpg.csv,33,343.78,,,,343.78,343.78,343.78,,,,,,,,,,,,,,,,,,,,
ai_output_img_16_4.jpg.csv,,1418.09,,1465.607755,1286.582735,1418.09,-47.51775546,131.5072649,,1465.607755,,,,,,,,,,,,,,,,,,
ai_output_img_17_1.jpg.csv,0,1508.42,1107.957924,1575.43676,,400.4620757,-67.01676034,1508.42,,1575.43676,,,,,,,,,,,,,,,,,,
ai_output_img_17_1.jpg.csv,1,2039.55,1568.603757,2018.253926,1928.326824,470.9462431,21.29607387,111.2231756,,2018.253926,,,,,,,,,,,,,,,,,,
ai_output_img_17_1.jpg.csv,2,2039.55,1802.506686,2032.411076,2003.282962,237.0433142,7.13892409,36.26703753,,2032.411076,,,,,,,,,,,,,,,,,,
ai_output_img_17_1.jpg.csv,3,1402.19,,,1756.657601,1402.19,1402.19,-354.4676009,,1756.657601,,,,,,,,,,,,,,,,,,
ai_output_img_17_1.jpg.csv,4,1933.33,,,1846.16273,1933.33,1933.33,87.16726988,,1846.16273,,,,,,,,,,,,,,,,,,
ai_output_img_17_1.jpg.csv,5,1827.1,1866.971916,2123.398012,2199.683253,-39.87191579,-296.2980125,-372.5832529,,1866.971916,,,,,,,,,,,,,,,,,,
ai_output_img_17_1.jpg.csv,6,1614.65,2047.792325,1927.88207,1965.573479,-433.1423249,-313.2320696,-350.9234787,,1927.88207,,,,,,,,,,,,,,,,,,
ai_output_img_17_1.jpg.csv,7,1933.33,2074.74384,1989.637446,1497.286568,-141.4138397,-56.30744638,436.0434323,,1989.637446,,,,,,,,,,,,,,,,,,
ai_output_img_17_1.jpg.csv,8,1402.19,1482.256001,,1866.526199,-80.0660011,1402.19,-464.3361989,,1482.256001,,,,,,,,,,,,,,,,,,
ai_output_img_17_1.jpg.csv,9,1975.82,2085.083159,1870.320331,2042.940679,-109.2631587,105.4996691,-67.12067851,,2042.940679,,,,,,,,,,,,,,,,,,
ai_output_img_17_1.jpg.csv,10,1848.34,1357.295907,1912.483031,1891.978138,491.0440927,-64.14303116,-43.63813809,,1891.978138,,,,,,,,,,,,,,,,,,
ai_output_img_17_1.jpg.csv,11,1402.19,,1736.157352,1852.836634,1402.19,-333.9673525,-450.6466343,,1736.157352,,,,,,,,,,,,,,,,,,
ai_output_img_17_1.jpg.csv,12,1699.63,1529.266722,1954.653081,1852.836634,170.363278,-255.0230806,-153.2066343,,1852.836634,,,,,,,,,,,,,,,,,,
ai_output_img_17_1.jpg.csv,13,1827.1,,1760.755849,1689.499181,1827.1,66.34415117,137.6008191,,1760.755849,,,,,,,,,,,,,,,,,,
ai_output_img_17_1.jpg.csv,14,1317.21,,,,1317.21,1317.21,1317.21,,,,,,,,,,,,,,,,,,,,
ai_output_img_17_1.jpg.csv,15,1720.87,1256.509963,1768.372709,1846.16273,464.3600372,-47.50270854,-125.2927301,,1768.372709,,,,,,,,,,,,,,,,,,
ai_output_img_17_1.jpg.csv,16,1232.23,,,,1232.23,1232.23,1232.23,,,,,,,,,,,,,,,,,,,,
ai_output_img_17_1.jpg.csv,17,2039.55,1481.651369,1828.165488,1964.395666,557.8986312,211.3845116,75.15433431,,1964.395666,,,,,,,,,,,,,,,,,,
ai_output_img_17_1.jpg.csv,18,Error was raised properly,,,,#VALUE!,#VALUE!,#VALUE!,,#VALUE!,,,,,,,,,,,,,,,,,,
ai_output_img_17_1.jpg.csv,19,1720.87,1113.604634,1698.064217,1650.229993,607.2653661,22.80578334,70.64000683,,1698.064217,,,,,,,,,,,,,,,,,,
ai_output_img_17_1.jpg.csv,20,1657.14,1371.089252,2095.362322,1788.860594,286.0507483,-438.2223219,-131.7205944,,1788.860594,,,,,,,,,,,,,,,,,,
ai_output_img_17_1.jpg.csv,21,1380.95,1886.07187,1866.963773,1693.148211,-505.1218699,-486.0137734,-312.1982114,,1693.148211,,,,,,,,,,,,,,,,,,
ai_output_img_17_1.jpg.csv,22,Error was raised properly,,,,#VALUE!,#VALUE!,#VALUE!,,#VALUE!,,,,,,,,,,,,,,,,,,
ai_output_img_17_1.jpg.csv,23,1933.33,1566.889123,1916.695039,1889.121704,366.4408769,16.63496147,44.20829554,,1916.695039,,,,,,,,,,,,,,,,,,
ai_output_img_17_1.jpg.csv,24,1487.17,,2116.635581,,1487.17,-629.4655813,1487.17,,2116.635581,,,,,,,,,,,,,,,,,,
ai_output_img_17_1.jpg.csv,25,1827.1,,,2124.393953,1827.1,1827.1,-297.2939531,,2124.393953,,,,,,,,,,,,,,,,,,
ai_output_img_17_1.jpg.csv,26,743.59,,,,743.59,743.59,743.59,,,,,,,,,,,,,,,,,,,,
ai_output_img_17_1.jpg.csv,27,1869.59,1481.651369,1866.963773,2006.745857,387.9386312,2.626226647,-137.155857,,1866.963773,,,,,,,,,,,,,,,,,,
ai_output_img_17_1.jpg.csv,28,Error was raised properly,,,,#VALUE!,#VALUE!,#VALUE!,,#VALUE!,,,,,,,,,,,,,,,,,,
ai_output_img_17_1.jpg.csv,29,2039.55,1655.860314,2207.804124,1931.125268,383.6896856,-168.2541236,108.4247315,,1931.125268,,,,,,,,,,,,,,,,,,
ai_output_img_17_1.jpg.csv,30,1784.61,1315.048102,1802.498825,1536.447895,469.5618977,-17.88882455,248.162105,,1802.498825,,,,,,,,,,,,,,,,,,
ai_output_img_17_1.jpg.csv,31,1614.65,1523.984265,1990.087743,1846.580556,90.66573494,-375.4377434,-231.9305558,,1523.984265,,,,,,,,,,,,,,,,,,
ai_output_img_17_1.jpg.csv,32,1380.95,,2078.186931,1808.589694,1380.95,-697.2369312,-427.6396943,,1808.589694,,,,,,,,,,,,,,,,,,
ai_output_img_17_2.jpg.csv,0,1805.85,1437.449632,1602.504225,1533.935305,368.4003685,203.3457746,271.9146953,,1602.504225,,,,,,,,,,,,,,,,,,
ai_output_img_17_2.jpg.csv,1,1848.34,1628.579036,1737.70496,1610.961335,219.7609643,110.63504,237.3786645,,1737.70496,,,,,,,,,,,,,,,,,,
ai_output_img_17_2.jpg.csv,2,2060.8,1776.973431,1796.024847,1687.214529,283.8265694,264.7751526,373.5854708,,1796.024847,,,,,,,,,,,,,,,,,,
ai_output_img_17_2.jpg.csv,3,892.3,,1622.50852,1591.69077,892.3,-730.20852,-699.3907695,,1591.69077,,,,,,,,,,,,,,,,,,
ai_output_img_17_2.jpg.csv,4,2018.31,,,,2018.31,2018.31,2018.31,,,,,,,,,,,,,,,,,,,,
ai_output_img_17_2.jpg.csv,5,1742.12,1503.264929,1701.753946,1728.768863,238.8550711,40.36605385,13.35113747,,1728.768863,,,,,,,,,,,,,,,,,,
ai_output_img_17_2.jpg.csv,6,1062.27,,,,1062.27,1062.27,1062.27,,,,,,,,,,,,,,,,,,,,
ai_output_img_17_2.jpg.csv,7,Error was raised properly,,,,#VALUE!,#VALUE!,#VALUE!,,#VALUE!,,,,,,,,,,,,,,,,,,
ai_output_img_17_2.jpg.csv,8,1168.49,1325.905237,1670.399666,1539.958634,-157.4152368,-501.9096657,-371.4686341,,1325.905237,,,,,,,,,,,,,,,,,,
ai_output_img_17_2.jpg.csv,9,2018.31,1273.509743,1694.366452,1802.180024,744.8002572,323.9435477,216.1299763,,1802.180024,,,,,,,,,,,,,,,,,,
ai_output_img_17_2.jpg.csv,10,1614.65,1336.674187,1743.881656,1651.631859,277.9758128,-129.2316558,-36.98185947,,1651.631859,,,,,,,,,,,,,,,,,,
ai_output_img_17_2.jpg.csv,11,1742.12,1323.199305,1706.486162,1640.85361,418.920695,35.63383847,101.2663895,,1706.486162,,,,,,,,,,,,,,,,,,
ai_output_img_17_2.jpg.csv,12,1784.61,1304.100581,1613.648339,1497.286568,480.5094189,170.961661,287.3234323,,1613.648339,,,,,,,,,,,,,,,,,,
ai_output_img_17_2.jpg.csv,13,1954.57,1357.295907,1496.687373,1461.830464,597.2740927,457.8826272,492.7395364,,1496.687373,,,,,,,,,,,,,,,,,,
ai_output_img_17_2.jpg.csv,14,1678.38,1378.259247,1859.75075,1525.36154,300.1207532,-181.3707505,153.0184597,,1525.36154,,,,,,,,,,,,,,,,,,
ai_output_img_17_2.jpg.csv,15,1402.19,,,1834.004378,1402.19,1402.19,-431.8143784,,1834.004378,,,,,,,,,,,,,,,,,,
ai_output_img_17_2.jpg.csv,16,1890.83,1533.362718,1832.571303,1846.580556,357.4672817,58.25869732,44.2494442,,1846.580556,,,,,,,,,,,,,,,,,,
ai_output_img_17_2.jpg.csv,17,1805.85,1461.558187,1844.268685,1533.935305,344.2918133,-38.41868508,271.9146953,,1844.268685,,,,,,,,,,,,,,,,,,
ai_output_img_17_2.jpg.csv,18,1848.34,,1719.041716,1627.635932,1848.34,129.2982836,220.7040677,,1719.041716,,,,,,,,,,,,,,,,,,
ai_output_img_17_2.jpg.csv,19,1550.91,1412.929776,1686.946607,1655.830337,137.9802236,-136.0366073,-104.9203373,,1655.830337,,,,,,,,,,,,,,,,,,
ai_output_img_17_2.jpg.csv,20,1657.14,1439.940881,1586.770984,1517.756233,217.1991194,70.36901611,139.3837665,,1586.770984,,,,,,,,,,,,,,,,,,
ai_output_img_17_2.jpg.csv,21,1848.34,,1694.366452,1614.787852,1848.34,153.9735477,233.5521477,,1694.366452,,,,,,,,,,,,,,,,,,
ai_output_img_17_2.jpg.csv,22,Error was raised properly,1519.862994,1756.169876,1633.78601,#VALUE!,#VALUE!,#VALUE!,,#VALUE!,,,,,,,,,,,,,,,,,,
ai_output_img_17_2.jpg.csv,23,764.83,,,,764.83,764.83,764.83,,,,,,,,,,,,,,,,,,,,
ai_output_img_17_2.jpg.csv,24,1232.23,,1446.763387,,1232.23,-214.5333867,1232.23,,1446.763387,,,,,,,,,,,,,,,,,,
ai_output_img_17_2.jpg.csv,25,1529.66,1552.526867,1701.753946,1614.787852,-22.86686653,-172.0939461,-85.12785235,,1552.526867,,,,,,,,,,,,,,,,,,
ai_output_img_17_2.jpg.csv,26,1189.74,831.7094472,,1619.558285,358.0305528,1189.74,-429.8182848,,831.7094472,,,,,,,,,,,,,,,,,,
ai_output_img_17_2.jpg.csv,27,2082.04,1670.406951,1921.830511,2056.115006,411.6330491,160.2094888,25.92499358,,2056.115006,,,,,,,,,,,,,,,,,,
ai_output_img_17_2.jpg.csv,28,1423.44,,,1575.615133,1423.44,1423.44,-152.1751332,,1575.615133,,,,,,,,,,,,,,,,,,
ai_output_img_17_2.jpg.csv,29,1848.34,2436.625025,1958.774411,1573.1651,-588.2850245,-110.4344107,275.1748996,,1958.774411,,,,,,,,,,,,,,,,,,
ai_output_img_17_2.jpg.csv,30,1593.4,,2005.784453,1532.425773,1593.4,-412.3844533,60.97422684,,1532.425773,,,,,,,,,,,,,,,,,,
ai_output_img_17_2.jpg.csv,31,Error was raised properly,,,,#VALUE!,#VALUE!,#VALUE!,,#VALUE!,,,,,,,,,,,,,,,,,,
ai_output_img_17_2.jpg.csv,32,276.19,1407.210676,1544.998992,1525.36154,-1131.020676,-1268.808992,-1249.17154,,1407.210676,,,,,,,,,,,,,,,,,,
ai_output_img_17_2.jpg.csv,33,Error was raised properly,1491.296069,,1511.134007,#VALUE!,#VALUE!,#VALUE!,,#VALUE!,,,,,,,,,,,,,,,,,,
ai_output_img_17_2.jpg.csv,34,1678.38,1704.39201,1942.697904,1687.214529,-26.01201016,-264.3179038,-8.834529161,,1687.214529,,,,,,,,,,,,,,,,,,
ai_output_img_17_2.jpg.csv,35,892.3,,,,892.3,892.3,892.3,,,,,,,,,,,,,,,,,,,,
ai_output_img_17_2.jpg.csv,36,1827.1,,,,1827.1,1827.1,1827.1,,,,,,,,,,,,,,,,,,,,
ai_output_img_17_2.jpg.csv,37,1423.44,935.164244,1827.675298,1278.866037,488.275756,-404.2352979,144.5739628,,1278.866037,,,,,,,,,,,,,,,,,,
ai_output_img_17_2.jpg.csv,38,254.94,1139.848115,1606.413459,1705.406047,-884.9081154,-1351.473459,-1450.466047,,1139.848115,,,,,,,,,,,,,,,,,,
ai_output_img_17_2.jpg.csv,39,1784.61,1432.454135,1686.946607,1610.482382,352.1558645,97.66339268,174.1276184,,1686.946607,,,,,,,,,,,,,,,,,,
ai_output_img_17_3.jpg.csv,0,871.06,,,,871.06,871.06,871.06,,,,,,,,,,,,,,,,,,,,
ai_output_img_17_3.jpg.csv,1,1763.36,1103.906876,1670.399666,1472.347365,659.4531237,92.96033427,291.0126349,,1670.399666,,,,,,,,,,,,,,,,,,
ai_output_img_17_3.jpg.csv,2,2124.53,1124.813015,1866.963773,2012.887404,999.7169852,257.5662266,111.6425958,,2012.887404,,,,,,,,,,,,,,,,,,
ai_output_img_17_3.jpg.csv,3,1338.46,1192.105182,1357.289988,1374.802033,146.3548178,-18.82998773,-36.34203307,,1357.289988,,,,,,,,,,,,,,,,,,
ai_output_img_17_3.jpg.csv,4,2039.55,1526.334281,1991.438024,1730.107092,513.2157193,48.11197638,309.4429082,,1991.438024,,,,,,,,,,,,,,,,,,
ai_output_img_17_3.jpg.csv,5,1444.68,1617.537695,2033.733256,1964.002904,-172.8576946,-589.0532561,-519.3229044,,1617.537695,,,,,,,,,,,,,,,,,,
ai_output_img_17_3.jpg.csv,6,Error was raised properly,,,,#VALUE!,#VALUE!,#VALUE!,,#VALUE!,,,,,,,,,,,,,,,,,,
ai_output_img_17_3.jpg.csv,7,1295.97,1298.592212,,1610.961335,-2.622211922,1295.97,-314.9913355,,1298.592212,,,,,,,,,,,,,,,,,,
ai_output_img_17_3.jpg.csv,8,1699.63,1947.773313,2047.783394,1771.526265,-248.1433134,-348.1533938,-71.89626497,,1771.526265,,,,,,,,,,,,,,,,,,
ai_output_img_17_3.jpg.csv,9,594.87,,,,594.87,594.87,594.87,,,,,,,,,,,,,,,,,,,,
ai_output_img_17_3.jpg.csv,10,1848.34,,,,1848.34,1848.34,1848.34,,,,,,,,,,,,,,,,,,,,
ai_output_img_17_3.jpg.csv,11,1954.57,1552.526867,2081.202857,1964.002904,402.0431335,-126.6328566,-9.432904381,,1964.002904,,,,,,,,,,,,,,,,,,
ai_output_img_17_3.jpg.csv,12,1423.44,1439.318473,1735.641177,1416.262635,-15.87847256,-312.2011766,7.177364619,,1416.262635,,,,,,,,,,,,,,,,,,
ai_output_img_17_4.jpg.csv,0,2294.5,,,1337.830571,2294.5,2294.5,956.6694287,,1337.830571,,,,,,,,,,,,,,,,,,
ai_output_img_17_4.jpg.csv,1,1508.42,,,,1508.42,1508.42,1508.42,,,,,,,,,,,,,,,,,,,,
ai_output_img_17_4.jpg.csv,2,1890.83,1162.421557,1862.639312,,728.4084434,28.1906885,1890.83,,1862.639312,,,,,,,,,,,,,,,,,,
ai_output_img_17_4.jpg.csv,3,Error was raised properly,,,,#VALUE!,#VALUE!,#VALUE!,,#VALUE!,,,,,,,,,,,,,,,,,,
ai_output_img_17_4.jpg.csv,4,169.96,,,,169.96,169.96,169.96,,,,,,,,,,,,,,,,,,,,
ai_output_img_17_4.jpg.csv,5,1784.61,,1737.70496,1453.892864,1784.61,46.90504003,330.7171361,,1737.70496,,,,,,,,,,,,,,,,,,
ai_output_img_17_4.jpg.csv,6,Error was raised properly,,,,#VALUE!,#VALUE!,#VALUE!,,#VALUE!,,,,,,,,,,,,,,,,,,
ai_output_img_17_4.jpg.csv,7,Error was raised properly,,,,#VALUE!,#VALUE!,#VALUE!,,#VALUE!,,,,,,,,,,,,,,,,,,
ai_output_img_17_4.jpg.csv,8,1699.63,1439.940881,1712.252219,1532.425773,259.6891194,-12.62221936,167.2042268,,1712.252219,,,,,,,,,,,,,,,,,,
ai_output_img_17_4.jpg.csv,9,1954.57,,,,1954.57,1954.57,1954.57,,,,,,,,,,,,,,,,,,,,
ai_output_img_17_4.jpg.csv,10,Error was raised properly,,,,#VALUE!,#VALUE!,#VALUE!,,#VALUE!,,,,,,,,,,,,,,,,,,
ai_output_img_17_4.jpg.csv,11,2464.46,,,1887.078748,2464.46,2464.46,577.3812525,,1887.078748,,,,,,,,,,,,,,,,,,
ai_output_img_17_4.jpg.csv,12,Error was raised properly,,1796.024847,1650.229993,#VALUE!,#VALUE!,#VALUE!,,#VALUE!,,,,,,,,,,,,,,,,,,
ai_output_img_17_4.jpg.csv,13,1444.68,,,,1444.68,1444.68,1444.68,,,,,,,,,,,,,,,,,,,,
ai_output_img_17_4.jpg.csv,14,1657.14,1313.002395,1726.842581,1700.422781,344.1376051,-69.70258111,-43.28278077,,1700.422781,,,,,,,,,,,,,,,,,,
ai_output_img_17_4.jpg.csv,15,297.43,1371.089252,1568.596916,1614.787852,-1073.659252,-1271.166916,-1317.357852,,1371.089252,,,,,,,,,,,,,,,,,,
ai_output_img_17_4.jpg.csv,16,977.29,1481.651369,1664.48863,1588.780025,-504.3613688,-687.1986302,-611.4900251,,1481.651369,,,,,,,,,,,,,,,,,,
ai_output_img_17_4.jpg.csv,17,1614.65,,1496.687373,,1614.65,117.9626272,1614.65,,1496.687373,,,,,,,,,,,,,,,,,,
ai_output_img_18_1.jpg.csv,0,1512.54,1091.599951,,,420.9400486,1512.54,1512.54,,1091.599951,,,,,,,,,,,,,,,,,,
ai_output_img_18_1.jpg.csv,1,1785.63,1872.078472,2037.032694,,-86.44847209,-251.402694,1785.63,,1872.078472,,,,,,,,,,,,,,,,,,
ai_output_img_18_1.jpg.csv,2,1806.64,1716.298836,1804.388312,,90.34116365,2.251688301,1806.64,,1804.388312,,,,,,,,,,,,,,,,,,
ai_output_img_18_1.jpg.csv,3,1596.57,1760.152033,1927.414318,,-163.5820333,-330.8443179,1596.57,,1760.152033,,,,,,,,,,,,,,,,,,
ai_output_img_18_1.jpg.csv,4,1890.67,1936.945428,2013.237294,,-46.27542797,-122.5672936,1890.67,,1936.945428,,,,,,,,,,,,,,,,,,
ai_output_img_18_1.jpg.csv,5,1512.54,1509.317917,1971.459779,,3.2220833,-458.9197794,1512.54,,1509.317917,,,,,,,,,,,,,,,,,,
ai_output_img_18_1.jpg.csv,6,1722.61,1846.157947,2024.953613,,-123.5479472,-302.3436134,1722.61,,1846.157947,,,,,,,,,,,,,,,,,,
ai_output_img_18_1.jpg.csv,7,1953.69,1762.639179,2061.403561,,191.0508212,-107.7135605,1953.69,,2061.403561,,,,,,,,,,,,,,,,,,
ai_output_img_18_1.jpg.csv,8,1869.66,1682.789252,2136.539932,,186.8707479,-266.8799319,1869.66,,1682.789252,,,,,,,,,,,,,,,,,,
ai_output_img_18_1.jpg.csv,9,1974.7,1800.50742,2052.885328,,174.1925798,-78.18532757,1974.7,,2052.885328,,,,,,,,,,,,,,,,,,
ai_output_img_18_1.jpg.csv,10,1701.6,1926.058529,1758.65036,,-224.458529,-57.05035981,1701.6,,1758.65036,,,,,,,,,,,,,,,,,,
ai_output_img_18_1.jpg.csv,11,1176.42,2016.290221,1637.39276,,-839.8702208,-460.9727601,1176.42,,1637.39276,,,,,,,,,,,,,,,,,,
ai_output_img_18_1.jpg.csv,12,1995.71,1674.961069,1758.152088,,320.7489308,237.557912,1995.71,,1758.152088,,,,,,,,,,,,,,,,,,
ai_output_img_18_1.jpg.csv,13,1995.71,1262.091939,1716.801745,,733.6180609,278.9082548,1995.71,,1716.801745,,,,,,,,,,,,,,,,,,
ai_output_img_18_1.jpg.csv,14,2079.74,1798.072656,1971.459779,,281.6673442,108.2802206,2079.74,,1971.459779,,,,,,,,,,,,,,,,,,
ai_output_img_18_1.jpg.csv,15,2016.71,,2224.930126,,2016.71,-208.2201258,2016.71,,2224.930126,,,,,,,,,,,,,,,,,,
ai_output_img_18_1.jpg.csv,16,2142.76,2180.388828,2274.392041,,-37.62882848,-131.6320412,2142.76,,2180.388828,,,,,,,,,,,,,,,,,,
ai_output_img_18_1.jpg.csv,17,1848.65,1225.460909,1947.762951,,623.1890909,-99.11295096,1848.65,,1947.762951,,,,,,,,,,,,,,,,,,
ai_output_img_18_1.jpg.csv,18,1995.71,,1548.848268,,1995.71,446.861732,1995.71,,1548.848268,,,,,,,,,,,,,,,,,,
ai_output_img_18_1.jpg.csv,19,2037.72,1720.887197,1674.953738,,316.8328027,362.7662622,2037.72,,1720.887197,,,,,,,,,,,,,,,,,,
ai_output_img_18_1.jpg.csv,20,2037.72,1843.783467,1927.414318,,193.9365335,110.3056821,2037.72,,1927.414318,,,,,,,,,,,,,,,,,,
ai_output_img_18_1.jpg.csv,21,924.33,,,,924.33,924.33,924.33,,,,,,,,,,,,,,,,,,,,
ai_output_img_18_1.jpg.csv,22,2058.73,1807.792038,1682.781886,,250.9379617,375.9481136,2058.73,,1807.792038,,,,,,,,,,,,,,,,,,
ai_output_img_18_1.jpg.csv,23,1848.65,1718.33962,2103.477358,,130.3103795,-254.827358,1848.65,,1718.33962,,,,,,,,,,,,,,,,,,
ai_output_img_18_1.jpg.csv,24,1974.7,1846.157947,2003.202675,,128.5420528,-28.50267533,1974.7,,2003.202675,,,,,,,,,,,,,,,,,,
ai_output_img_18_1.jpg.csv,25,1932.68,1428.801883,1906.389013,,503.8781167,26.29098699,1932.68,,1906.389013,,,,,,,,,,,,,,,,,,
ai_output_img_18_1.jpg.csv,26,1260.45,1133.342144,2135.309324,,127.1078558,-874.8593242,1260.45,,1133.342144,,,,,,,,,,,,,,,,,,
ai_output_img_18_1.jpg.csv,27,Error was raised properly,,1865.036802,,#VALUE!,#VALUE!,#VALUE!,,#VALUE!,,,,,,,,,,,,,,,,,,
ai_output_img_18_1.jpg.csv,28,Error was raised properly,1342.16407,1921.039672,,#VALUE!,#VALUE!,#VALUE!,,#VALUE!,,,,,,,,,,,,,,,,,,
ai_output_img_18_2.jpg.csv,0,1302.46,1562.933278,1895.326701,,-260.4732777,-592.866701,1302.46,,1562.933278,,,,,,,,,,,,,,,,,,
ai_output_img_18_2.jpg.csv,1,1617.57,1516.267998,1941.906359,,101.3020024,-324.3363589,1617.57,,1516.267998,,,,,,,,,,,,,,,,,,
ai_output_img_18_2.jpg.csv,2,1974.7,1433.087992,1846.149866,,541.6120075,128.5501336,1974.7,,1846.149866,,,,,,,,,,,,,,,,,,
ai_output_img_18_2.jpg.csv,3,1512.54,1553.373963,1921.039672,,-40.83396308,-408.4996724,1512.54,,1553.373963,,,,,,,,,,,,,,,,,,
ai_output_img_18_2.jpg.csv,4,1890.67,1666.570479,1989.15726,,224.0995211,-98.48725986,1890.67,,1989.15726,,,,,,,,,,,,,,,,,,
ai_output_img_18_2.jpg.csv,5,1974.7,1599.504548,2237.887562,,375.1954523,-263.1875624,1974.7,,2237.887562,,,,,,,,,,,,,,,,,,
ai_output_img_18_2.jpg.csv,6,1428.51,1947.771476,1995.753356,,-519.2614765,-567.243356,1428.51,,1947.771476,,,,,,,,,,,,,,,,,,
ai_output_img_18_2.jpg.csv,7,1827.65,1625.585146,2037.032694,,202.0648544,-209.382694,1827.65,,1625.585146,,,,,,,,,,,,,,,,,,
ai_output_img_18_2.jpg.csv,8,1281.45,,,,1281.45,1281.45,1281.45,,,,,,,,,,,,,,,,,,,,
ai_output_img_18_2.jpg.csv,9,1722.61,,1453.117302,,1722.61,269.4926981,1722.61,,1453.117302,,,,,,,,,,,,,,,,,,
ai_output_img_18_2.jpg.csv,10,1722.61,1798.072656,1804.388312,,-75.46265585,-81.7783117,1722.61,,1798.072656,,,,,,,,,,,,,,,,,,
ai_output_img_18_2.jpg.csv,11,1554.55,,,,1554.55,1554.55,1554.55,,,,,,,,,,,,,,,,,,,,
ai_output_img_18_2.jpg.csv,12,1827.65,1198.715104,1880.009741,,628.9348961,-52.35974089,1827.65,,1880.009741,,,,,,,,,,,,,,,,,,
ai_output_img_18_2.jpg.csv,13,Error was raised properly,,,,#VALUE!,#VALUE!,#VALUE!,,#VALUE!,,,,,,,,,,,,,,,,,,
ai_output_img_18_2.jpg.csv,14,1890.67,,1766.603596,,1890.67,124.0664041,1890.67,,1766.603596,,,,,,,,,,,,,,,,,,
ai_output_img_18_2.jpg.csv,15,1911.68,1658.665752,1978.557767,,253.0142478,-66.8777674,1911.68,,1978.557767,,,,,,,,,,,,,,,,,,
ai_output_img_18_2.jpg.csv,16,2121.75,1718.33962,2061.828548,,403.4103795,59.9214516,2121.75,,2061.828548,,,,,,,,,,,,,,,,,,
ai_output_img_18_2.jpg.csv,17,1428.51,1456.135321,1675.476752,,-27.62532078,-246.9667523,1428.51,,1456.135321,,,,,,,,,,,,,,,,,,
ai_output_img_18_2.jpg.csv,18,1827.65,,,,1827.65,1827.65,1827.65,,,,,,,,,,,,,,,,,,,,
ai_output_img_18_2.jpg.csv,19,1785.63,1403.434689,1575.76727,,382.1953108,209.8627303,1785.63,,1575.76727,,,,,,,,,,,,,,,,,,
ai_output_img_18_2.jpg.csv,20,1764.62,1345.424129,1823.707795,,419.1958711,-59.0877951,1764.62,,1823.707795,,,,,,,,,,,,,,,,,,
ai_output_img_18_2.jpg.csv,21,1806.64,1604.426953,1757.15512,,202.2130468,49.48487953,1806.64,,1757.15512,,,,,,,,,,,,,,,,,,
ai_output_img_18_2.jpg.csv,22,2247.8,1776.009579,2037.032694,,471.7904209,210.767306,2247.8,,2037.032694,,,,,,,,,,,,,,,,,,
ai_output_img_18_2.jpg.csv,23,1596.57,,1474.663874,,1596.57,121.906126,1596.57,,1474.663874,,,,,,,,,,,,,,,,,,
ai_output_img_18_2.jpg.csv,24,1512.54,1483.55575,1716.291324,,28.98425048,-203.751324,1512.54,,1483.55575,,,,,,,,,,,,,,,,,,
ai_output_img_18_2.jpg.csv,25,Error was raised properly,1770.574567,1906.389013,,#VALUE!,#VALUE!,#VALUE!,,#VALUE!,,,,,,,,,,,,,,,,,,
ai_output_img_18_2.jpg.csv,26,1638.58,1280.698721,1644.86704,,357.8812794,-6.28704044,1638.58,,1644.86704,,,,,,,,,,,,,,,,,,
ai_output_img_18_3.jpg.csv,0,1827.65,1507.57539,,,320.0746099,1827.65,1827.65,,1507.57539,,,,,,,,,,,,,,,,,,
ai_output_img_18_3.jpg.csv,1,1176.42,,2066.497646,,1176.42,-890.0776463,1176.42,,2066.497646,,,,,,,,,,,,,,,,,,
ai_output_img_18_3.jpg.csv,2,2247.8,1843.783467,2051.177436,,404.0165335,196.622564,2247.8,,2051.177436,,,,,,,,,,,,,,,,,,
ai_output_img_18_3.jpg.csv,3,1617.57,1766.115298,,,-148.5452983,1617.57,1617.57,,1766.115298,,,,,,,,,,,,,,,,,,
ai_output_img_18_3.jpg.csv,4,Error was raised properly,,1983.422899,,#VALUE!,#VALUE!,#VALUE!,,#VALUE!,,,,,,,,,,,,,,,,,,
ai_output_img_18_3.jpg.csv,5,1932.68,1800.50742,,,132.1725798,1932.68,1932.68,,1800.50742,,,,,,,,,,,,,,,,,,
ai_output_img_18_3.jpg.csv,6,1344.48,,,,1344.48,1344.48,1344.48,,,,,,,,,,,,,,,,,,,,
ai_output_img_18_3.jpg.csv,7,1680.59,,,,1680.59,1680.59,1680.59,,,,,,,,,,,,,,,,,,,,
ai_output_img_18_3.jpg.csv,8,714.25,,1641.134155,,714.25,-926.8841553,714.25,,,,,,,,,,,,,,,,,,,,
ai_output_img_18_3.jpg.csv,9,1281.45,1298.364365,,,-16.91436508,1281.45,1281.45,,1298.364365,,,,,,,,,,,,,,,,,,
ai_output_img_18_3.jpg.csv,10,1512.54,2055.027191,1355.797705,,-542.487191,156.7422949,1512.54,,1355.797705,,,,,,,,,,,,,,,,,,
ai_output_img_18_3.jpg.csv,11,2079.74,1172.106522,2061.828548,,907.6334776,17.9114516,2079.74,,2061.828548,,,,,,,,,,,,,,,,,,
ai_output_img_18_3.jpg.csv,12,1827.65,1758.658058,2051.604542,,68.99194242,-223.9545422,1827.65,,1758.658058,,,,,,,,,,,,,,,,,,
ai_output_img_18_3.jpg.csv,13,1785.63,1853.735846,,,-68.10584646,1785.63,1785.63,,1853.735846,,,,,,,,,,,,,,,,,,
ai_output_img_18_3.jpg.csv,14,798.28,,,,798.28,798.28,798.28,,,,,,,,,,,,,,,,,,,,
ai_output_img_18_3.jpg.csv,15,1848.65,1349.974985,,,498.6750154,1848.65,1848.65,,1349.974985,,,,,,,,,,,,,,,,,,
ai_output_img_18_3.jpg.csv,16,1932.68,1298.364365,2051.177436,,634.3156349,-118.497436,1932.68,,2051.177436,,,,,,,,,,,,,,,,,,
ai_output_img_18_3.jpg.csv,17,1218.43,1758.658058,2058.000498,,-540.2280576,-839.5704983,1218.43,,1758.658058,,,,,,,,,,,,,,,,,,
ai_output_img_18_3.jpg.csv,18,2058.73,1885.602194,,,173.127806,2058.73,2058.73,,1885.602194,,,,,,,,,,,,,,,,,,
ai_output_img_18_3.jpg.csv,19,1050.37,,,,1050.37,1050.37,1050.37,,,,,,,,,,,,,,,,,,,,
ai_output_img_18_3.jpg.csv,20,Error was raised properly,,,,#VALUE!,#VALUE!,#VALUE!,,#VALUE!,,,,,,,,,,,,,,,,,,
ai_output_img_18_3.jpg.csv,21,1932.68,,2094.711961,,1932.68,-162.0319613,1932.68,,2094.711961,,,,,,,,,,,,,,,,,,
ai_output_img_18_3.jpg.csv,22,1974.7,1699.884364,,,274.8156361,1974.7,1974.7,,1699.884364,,,,,,,,,,,,,,,,,,
ai_output_img_18_3.jpg.csv,23,882.31,,,,882.31,882.31,882.31,,,,,,,,,,,,,,,,,,,,
ai_output_img_18_3.jpg.csv,24,1155.41,,,,1155.41,1155.41,1155.41,,,,,,,,,,,,,,,,,,,,
ai_output_img_18_3.jpg.csv,25,Error was raised properly,,,,#VALUE!,#VALUE!,#VALUE!,,#VALUE!,,,,,,,,,,,,,,,,,,
ai_output_img_18_4.jpg.csv,0,Error was raised properly,,,,#VALUE!,#VALUE!,#VALUE!,,#VALUE!,,,,,,,,,,,,,,,,,,
ai_output_img_18_4.jpg.csv,1,1260.45,,1978.557767,,1260.45,-718.1077674,1260.45,,1978.557767,,,,,,,,,,,,,,,,,,
ai_output_img_18_4.jpg.csv,2,2016.71,1507.57539,,,509.1346099,2016.71,2016.71,,1507.57539,,,,,,,,,,,,,,,,,,
ai_output_img_18_4.jpg.csv,3,1449.51,,2072.002106,,1449.51,-622.4921063,1449.51,,2072.002106,,,,,,,,,,,,,,,,,,
ai_output_img_18_4.jpg.csv,4,1806.64,,1846.149866,,1806.64,-39.50986644,1806.64,,1846.149866,,,,,,,,,,,,,,,,,,
ai_output_img_18_4.jpg.csv,5,1386.49,1760.152033,,,-373.6620333,1386.49,1386.49,,1760.152033,,,,,,,,,,,,,,,,,,
ai_output_img_18_4.jpg.csv,6,Error was raised properly,,,,#VALUE!,#VALUE!,#VALUE!,,#VALUE!,,,,,,,,,,,,,,,,,,
ai_output_img_18_4.jpg.csv,7,1302.46,,,,1302.46,1302.46,1302.46,,,,,,,,,,,,,,,,,,,,
ai_output_img_18_4.jpg.csv,8,Error was raised properly,,1989.15726,,#VALUE!,#VALUE!,#VALUE!,,#VALUE!,,,,,,,,,,,,,,,,,,
ai_output_img_18_4.jpg.csv,9,1659.59,1470.505425,,,189.0845746,1659.59,1659.59,,1470.505425,,,,,,,,,,,,,,,,,,
ai_output_img_18_4.jpg.csv,10,1512.54,,,,1512.54,1512.54,1512.54,,,,,,,,,,,,,,,,,,,,
ai_output_img_18_4.jpg.csv,11,1155.41,,1693.163119,,1155.41,-537.7531193,1155.41,,1693.163119,,,,,,,,,,,,,,,,,,
ai_output_img_18_4.jpg.csv,12,1722.61,1637.399927,,,85.21007288,1722.61,1722.61,,1637.399927,,,,,,,,,,,,,,,,,,
ai_output_img_18_4.jpg.csv,13,1197.42,,1788.292622,,1197.42,-590.872622,1197.42,,1788.292622,,,,,,,,,,,,,,,,,,
ai_output_img_18_4.jpg.csv,14,1512.54,2184.002402,1789.761848,,-671.4624024,-277.221848,1512.54,,1789.761848,,,,,,,,,,,,,,,,,,
ai_output_img_18_4.jpg.csv,15,1638.58,1592.917679,1865.036802,,45.66232125,-226.4568017,1638.58,,1592.917679,,,,,,,,,,,,,,,,,,
ai_output_img_18_4.jpg.csv,16,1911.68,1465.731045,,,445.9489555,1911.68,1911.68,,1465.731045,,,,,,,,,,,,,,,,,,
ai_output_img_18_4.jpg.csv,17,1848.65,,1909.144576,,1848.65,-60.49457554,1848.65,,1909.144576,,,,,,,,,,,,,,,,,,
ai_output_img_18_4.jpg.csv,18,1680.59,1637.399927,1865.036802,,43.19007288,-184.4468017,1680.59,,1637.399927,,,,,,,,,,,,,,,,,,
ai_output_img_18_4.jpg.csv,19,1806.64,,,,1806.64,1806.64,1806.64,,,,,,,,,,,,,,,,,,,,
ai_output_img_18_4.jpg.csv,20,Error was raised properly,,1823.707795,,#VALUE!,#VALUE!,#VALUE!,,#VALUE!,,,,,,,,,,,,,,,,,,
ai_output_img_18_4.jpg.csv,21,1848.65,1214.688996,1757.15512,,633.9610043,91.49487953,1848.65,,1757.15512,,,,,,,,,,,,,,,,,,
ai_output_img_18_4.jpg.csv,22,252.09,,1782.403607,,252.09,-1530.313607,252.09,,,,,,,,,,,,,,,,,,,,
ai_output_img_18_4.jpg.csv,23,1638.58,,,,1638.58,1638.58,1638.58,,,,,,,,,,,,,,,,,,,,
ai_output_img_18_4.jpg.csv,24,1764.62,,,,1764.62,1764.62,1764.62,,,,,,,,,,,,,,,,,,,,
ai_output_img_18_4.jpg.csv,25,2100.74,,2119.659787,,2100.74,-18.91978747,2100.74,,2119.659787,,,,,,,,,,,,,,,,,,
ai_output_img_18_4.jpg.csv,26,1596.57,1674.437889,1864.261332,,-77.86788912,-267.6913318,1596.57,,1674.437889,,,,,,,,,,,,,,,,,,
ai_output_img_18_4.jpg.csv,0,1911.68,1915.031888,1907.854432,,-3.351887975,3.825567891,1911.68,,1915.031888,,,,,,,,,,,,,,,,,,
ai_output_img_19_1.jpg.csv,1,1786.12,1864.269523,2073.080176,,-78.14952319,-286.9601763,1786.12,,1864.269523,,,,,,,,,,,,,,,,,,
ai_output_img_19_1.jpg.csv,2,1703.05,,1656.0042,,1703.05,47.0457995,1703.05,,1656.0042,,,,,,,,,,,,,,,,,,
ai_output_img_19_1.jpg.csv,3,2159.97,1504.246761,,,655.7232386,2159.97,2159.97,,1504.246761,,,,,,,,,,,,,,,,,,
ai_output_img_19_1.jpg.csv,4,1619.97,2110.755125,1697.378762,,-490.785125,-77.40876176,1619.97,,1697.378762,,,,,,,,,,,,,,,,,,
ai_output_img_19_1.jpg.csv,5,1038.44,1780.137465,,,-741.6974651,1038.44,1038.44,,1780.137465,,,,,,,,,,,,,,,,,,
ai_output_img_19_1.jpg.csv,6,1599.2,,,,1599.2,1599.2,1599.2,,,,,,,,,,,,,,,,,,,,
ai_output_img_19_1.jpg.csv,7,1703.05,,1660.136469,,1703.05,42.91353057,1703.05,,1660.136469,,,,,,,,,,,,,,,,,,
ai_output_img_19_1.jpg.csv,8,1578.44,1837.896842,1866.556938,,-259.4568424,-288.1169383,1578.44,,1837.896842,,,,,,,,,,,,,,,,,,
ai_output_img_19_1.jpg.csv,9,2035.35,1618.875281,,,416.4747191,2035.35,2035.35,,1618.875281,,,,,,,,,,,,,,,,,,
ai_output_img_19_1.jpg.csv,10,1329.21,1633.097006,1946.957516,,-303.887006,-617.7475162,1329.21,,1633.097006,,,,,,,,,,,,,,,,,,
ai_output_img_19_1.jpg.csv,11,1287.67,1381.370801,1997.33316,,-93.7008009,-709.6631603,1287.67,,1381.370801,,,,,,,,,,,,,,,,,,
ai_output_img_19_1.jpg.csv,12,1453.82,1618.875281,1945.197156,,-165.0552809,-491.3771564,1453.82,,1618.875281,,,,,,,,,,,,,,,,,,
ai_output_img_19_1.jpg.csv,13,1973.05,1614.63738,2120.865507,,358.4126198,-147.8155071,1973.05,,2120.865507,,,,,,,,,,,,,,,,,,
ai_output_img_19_1.jpg.csv,14,1786.12,1533.567672,1862.88261,,252.5523279,-76.76261006,1786.12,,1862.88261,,,,,,,,,,,,,,,,,,
ai_output_img_19_1.jpg.csv,15,1599.2,1737.283234,2034.717373,,-138.0832338,-435.5173733,1599.2,,1737.283234,,,,,,,,,,,,,,,,,,
ai_output_img_19_1.jpg.csv,16,1910.74,,,,1910.74,1910.74,1910.74,,,,,,,,,,,,,,,,,,,,
ai_output_img_19_1.jpg.csv,17,1495.36,1592.203353,,,-96.84335252,1495.36,1495.36,,1592.203353,,,,,,,,,,,,,,,,,,
ai_output_img_19_1.jpg.csv,18,1723.82,,1828.545093,,1723.82,-104.725093,1723.82,,1828.545093,,,,,,,,,,,,,,,,,,
ai_output_img_19_1.jpg.csv,19,498.45,1616.227895,1960.983506,,-1117.777895,-1462.533506,498.45,,,,,,,,,,,,,,,,,,,,
ai_output_img_19_1.jpg.csv,20,1827.66,1614.63738,1627.310823,,213.0226198,200.349177,1827.66,,1627.310823,,,,,,,,,,,,,,,,,,
ai_output_img_19_1.jpg.csv,21,1910.74,1796.897703,,,113.8422967,1910.74,1910.74,,1796.897703,,,,,,,,,,,,,,,,,,
ai_output_img_19_1.jpg.csv,,2097.66,,,,2097.66,2097.66,2097.66,,,,,,,,,,,,,,,,,,,,
,,,,,,0,,,,,,,,,,,,,,,,,,,,,,
,,,,2031.768811,,0,,,,,,,,,,,,,,,,,,,,,,
,,,,1973.174462,,0,,,,,,,,,,,,,,,,,,,,,,
,,,,,,0,,,,,,,,,,,,,,,,,,,,,,